<?xml version="1.0" encoding="UTF-8"?>
<config>
    <tasks>
        <task name="model">
            <!-- 模版文件lll -->
            <property name="template" value="template/model.vm"/>
            <!-- 模块名称,maven的子模块名称 -->
            <property name="modelName"  value="visa-common"/>
            <!-- 类名前缀  表名为tpp_person ,前缀为Tmall,后缀为DO，则最终生成的短类名为TmallTppPersonDO -->
            <property name="beginFix" value=""/>
            <!-- 类名后缀 -->
            <property name="endFix" value="DOB"/>
            <!--生成文件后缀名 -->
            <property name="suffix" value=".java"/>
            <!-- 文件生成目标,常见有 src/main/java  src/main/resources  src/test/java  src/test/resources -->
            <property name="srcDir" value="src/main/java"/>
            <!-- 如果生成类就是包名，资源文件即路径，都以“.”为分隔符 -->
            <property name="package" value="com.tmall.visa.model"/>
        </task>
        <task name="sqlmap">
            <property name="template" value="template/sqlMap.vm"/>
            <property name="modelName"  value="visa-dao"/>
            <property name="beginFix" value=""/>
            <property name="endFix" value="Sqlmap"/>
            <property name="suffix" value=".xml"/>
            <property name="srcDir" value="src/main/resources"/>
            <property name="package" value="com.tmall.visa.dao"/>
        </task>
        <task name="dao">
            <property name="template" value="template/dao.vm"/>
            <property name="modelName" value="visa-dao"/>
            <property name="beginFix" value=""/>
            <property name="endFix" value="DAO"/>
            <property name="suffix" value=".java"/>
            <property name="srcDir" value="src/main/java"/>
            <property name="package" value="com.tmall.visa.dao"/>
        </task>
        <task name="daoImpl">
            <property name="template" value="template/daoImpl.vm"/>
            <property name="modelName" value="visa-dao"/>
            <property name="beginFix" value=""/>
            <property name="endFix" value="DAOImpl"/>
            <property name="suffix" value=".java"/>
            <property name="srcDir" value="src/main/java"/>
            <property name="package" value="com.tmall.visa.dao.impl"/>
        </task>
    </tasks>
</config>